ID,單價元平方公尺
0,174884.7939256998
1,174756.07972897487
2,174798.76217066296
3,174727.90068688744
4,174978.37567804783
5,174950.9956498733
6,174990.00974153948
7,174897.90000160996
8,174970.95772791473
9,175017.39388199445
10,175014.37780262175
11,174949.55017322372
12,174912.08056737363
13,174787.3083588003
14,174900.0897186245
15,174847.373898936
16,174853.03976578364
17,174958.08329442586
18,174855.06057242412
19,174994.7290393575
20,174937.07359382312
21,174840.20345875903
22,174805.74423054306
23,174849.0972015232
24,174855.9563110888
25,174851.8433657064
26,174733.15348710943
27,174850.30648008158
28,174966.30785627034
29,175007.59267455258
30,175007.50576285072
31,174992.0583136827
32,174956.431214623
33,175021.9646432912
34,175035.97005452798
35,175032.50659693198
36,175062.33479787532
37,175023.23945434846
38,175284.41660951677
39,174806.293322463
40,174782.98236860867
41,175320.52228275963
42,174959.9038919969
43,174890.9613499284
44,174889.22446759866
45,174900.048269829
46,174905.25922659918
47,174926.61252237152
48,174845.86722189933
49,175266.60091120296
50,174820.90378730063
51,174917.3757501972
52,175317.46703458627
53,175282.46572786733
54,174769.50229586088
55,175319.01682916362
56,174825.05096587318
57,174832.3471147298
58,174631.60577231707
59,174439.95667565364
60,174879.88890596293
61,174692.03411160462
62,174923.8546621867
63,174624.17001076593
64,174808.48492091545
65,174877.02870991905
66,174722.56974030755
67,174504.35271896922
68,174851.23964504304
69,174732.36367181697
70,174761.47929321937
71,174737.01072547733
72,174872.3123372493
73,174881.51280221023
74,174708.34127415632
75,174814.74385755206
76,174556.256038644
77,174891.61485832615
78,174780.85549883978
79,174727.76930250326
80,174942.67454912476
81,174832.91056231427
82,174709.56890121667
83,174903.824308419
84,174873.50464991602
85,174516.560020606
86,174811.2905977788
87,174709.39759570942
88,174820.95697564704
89,174733.18107214806
90,174976.12544788528
91,174684.58891940542
92,174453.55795983213
93,174796.68425119217
94,174936.7596549929
95,174915.4134141854
96,174725.83175210882
97,174847.7687241094
98,174827.32325379498
99,174807.89233963747
100,174529.4820960276
101,174867.16426327787
102,174855.49416460688
103,174911.4259836342
104,174624.93420499476
105,174761.61706309317
106,174684.01573230245
107,174905.06634563862
108,174869.82739499808
109,174708.91282646678
110,174741.5578696118
111,174903.9606077835
112,174933.03728442092
113,174917.22739606877
114,174819.74386967506
115,174825.94819597152
116,174934.27368148853
117,174948.67417814932
118,174995.82013057452
119,175010.91203546277
120,174996.20752311876
121,175005.06658547185
122,174995.7199298848
123,175001.95519417152
124,174963.56523598966
125,174987.51711813896
126,174936.16650430707
127,174919.8932147432
128,174944.89217576376
129,174949.2994607115
130,174952.10305921957
131,174933.10995832016
132,174939.99733173617
133,174955.54945709254
134,174952.02933091155
135,174962.9676516716
136,174881.22390102266
137,174803.5439475061
138,174914.813166521
139,174879.93758718856
140,175002.03853914948
141,174990.52018214305
142,174673.10186379496
143,174891.05631792374
144,174955.74587685688
145,174838.16201681583
146,174987.01738986664
147,175003.83465637808
148,174946.69199742755
149,174728.3271801904
150,175067.1447301169
151,175005.3989419388
152,175017.3365791752
153,174919.8465647192
154,175031.5643192791
155,174999.4528045113
156,175015.27533642802
157,174969.0713116035
158,174922.6823171424
159,175024.05200286667
160,174917.22802015935
161,174795.4604367352
162,174930.11374991457
163,174887.72396485315
164,174900.23669692455
165,174841.6585295688
166,174910.8208834905
167,174949.78649093164
168,174846.87038802746
169,174928.5193270084
170,174830.18815006877
171,174882.35356504787
172,174923.489590676
173,174991.3260041675
174,174929.22669411465
175,174980.2500171874
176,174880.0693405842
177,174931.01636627415
178,174822.59356010373
179,174805.79649484027
180,174904.94955046102
181,174969.881928886
182,174869.58514663376
183,174994.11738386247
184,174919.5438791664
185,174924.35346023994
186,174891.58022742468
187,174957.54485757195
188,174769.2090608723
189,174880.27636987547
190,174863.33129947176
191,174947.27672523598
192,174918.06904072166
193,174764.45849803233
194,174965.0077053777
195,174882.60039412192
196,174851.60072635463
197,174973.93236201908
198,174959.77832167328
199,174945.53038629558
200,174869.91994771178
201,174972.77368285484
202,174921.4880462086
203,174806.34793751227
204,174893.9480853097
205,174849.0963877982
206,174859.66612928236
207,174862.94015054323
208,174902.59772496324
209,174812.86100151166
210,174860.60694537254
211,174951.10069466915
212,174883.80564410624
213,174919.53218633094
214,174861.38130311013
215,174841.91169907257
216,174881.67231719856
217,174877.31890776768
218,174997.20923985846
219,175017.03625489015
220,174919.89515803114
221,174892.84230793544
222,174862.46902494814
223,174889.45939631163
224,174896.71978675763
225,174882.0632283393
226,174936.07134611605
227,174960.00864407644
228,174970.57498421584
229,174923.35137462424
230,174815.50386400966
231,174964.39656380477
232,174965.05919400987
233,174942.4434937039
234,174939.7679133642
235,174978.88005843252
236,174965.35656069982
237,174966.30098117425
238,174932.59297637516
239,174977.361045625
240,174998.7794988435
241,174930.453659148
242,174955.65436561423
243,175013.686718515
244,174954.9264053601
245,175007.4667264063
246,175030.2457144108
247,174981.89411079936
248,174919.90131839385
249,174885.88879147425
250,174941.57962309118
251,174926.62820114277
252,174935.4799930931
253,175047.691882873
254,174987.18799877135
255,175028.57361331308
256,175086.0402941401
257,174949.0049804105
258,174974.01832852676
259,174918.80166879887
260,174945.26123973576
261,174954.5786207619
262,175033.930354296
263,174802.81732971402
264,174822.2262139332
265,174816.5774847299
266,174940.15504200934
267,174837.07895595225
268,174896.4965970748
269,174830.2843518732
270,174972.01218356236
271,174984.24549080434
272,175003.75626944884
273,174918.5248411177
274,174921.934757309
275,174832.63365227298
276,174777.43832002528
277,174910.52358695134
278,174979.17856588488
279,174979.4287200842
280,174946.43083751752
281,174904.8946504354
282,174912.0936735235
283,174877.74415376718
284,174903.25822018145
285,174898.72625212345
286,175148.54818852743
287,175171.49417804714
288,175109.058671216
289,175280.03966242183
290,175257.32086434972
291,174941.42872053978
292,174928.73774162485
293,174928.0443180127
294,174969.24170726654
295,174971.10159300957
296,175225.99247797308
297,174781.7031642472
298,175032.3413778843
299,174919.98579396025
300,174919.87079715717
301,174687.34888271373
302,174921.46024306313
303,174881.94699638605
304,174969.09847695963
305,174779.99466390748
306,174984.29409043273
307,175003.90823188933
308,174926.6508698532
309,174885.11846763603
310,174964.13059100672
311,175291.9180356996
312,174781.3974548265
313,174929.04724557427
314,174869.79475236332
315,175075.10037360495
316,174902.45048199757
317,174747.28868972338
318,174958.96999288548
319,174982.1239743044
320,174925.3006001146
321,174903.8541615826
322,175181.83679209926
323,174821.10620919443
324,174926.5481524222
325,174934.6683613402
326,174961.7734880078
327,174964.2116760244
328,174874.16318641766
329,174716.2157988272
330,174859.73657246318
331,175262.52309486462
332,174839.36303829064
333,174789.22030238048
334,174909.48419973237
335,174798.6874821415
336,174807.39827565063
337,174957.82490799285
338,174816.88328048692
339,174984.30898954216
340,174931.4212348396
341,174914.55094890573
342,174901.42764358906
343,174804.18035898736
344,174903.27946711006
345,174892.26300833395
346,174965.27257282418
347,174827.14676517056
348,174927.52599740104
349,174923.7207185718
350,174807.97997055412
351,174910.93825321482
352,174943.54267347397
353,174919.51034299008
354,174970.17413178462
355,174829.1207823538
356,174912.36095782652
357,175025.12098363615
358,174932.00560392597
359,174953.94696497923
360,174947.31864583096
361,174949.42962782783
362,174909.82426909145
363,175203.24093848947
364,174928.17441146597
365,174789.2032388613
366,174935.2860286495
367,174833.0394712229
368,174927.98381065638
369,174967.98775021842
370,174801.1906861817
371,174925.97065595994
372,174957.06566469293
373,174892.70875626543
374,174922.63320894103
375,174903.3117823297
376,175274.65545889107
377,174885.68843256112
378,174988.32674970818
379,174933.53228576598
380,174956.89230320993
381,174765.41368823714
382,174918.66340736908
383,174922.53702170032
384,174705.3605038697
385,174840.29572817127
386,174852.96500788018
387,174926.08451594427
388,174956.41151685236
389,174814.01091683828
390,174902.2559805212
391,174927.39044401885
392,174915.6475083211
393,174900.3463431057
394,174696.4893616094
395,174991.73479205795
396,174973.08186923436
397,174958.40674789055
398,174912.7861429268
399,174909.27682113418
400,174972.75701819122
401,174902.33921840548
402,174857.43549053845
403,174897.1374077654
404,174901.31620319278
405,174900.93577914004
406,174637.82856634716
407,174657.60933535587
408,174591.64130620591
409,174753.49212227968
410,174927.32870649183
411,175035.70253004535
412,174967.3492054742
413,174963.48842524597
414,174813.84362488968
415,174918.07151960008
416,174540.50877703552
417,174914.24583117847
418,174700.77268219835
419,174864.9486291023
420,174962.65529474744
421,174803.35782496864
422,174732.82241114465
423,174838.98599394175
424,174906.26296590507
425,174788.71856191783
426,174940.3681907247
427,174786.6770323283
428,174914.99938788626
429,174769.72087669736
430,174918.81978956892
431,174766.65621741323
432,174919.9345265458
433,175002.07972101888
434,174790.42408530175
435,174898.81849648434
436,174918.1177121012
437,174811.71882078392
438,174919.79338412735
439,174908.4180795646
440,174902.96137999085
441,174855.9687432419
442,174919.9461536713
443,174913.99438760374
444,174929.67565537145
445,174760.843720643
446,174942.51467685043
447,174781.5848774739
448,174872.0666208704
449,174863.6483440981
450,175025.29364618644
451,174984.18070350142
452,174866.090468769
453,174955.55474620213
454,174977.21023889407
455,174656.31716562522
456,175062.40790357155
457,175051.29567443297
458,174882.29769613504
459,174933.99797182603
460,174952.1262041617
461,174928.57766470022
462,174636.7088349378
463,174844.06013333038
464,174980.82085744324
465,174985.53915625476
466,174871.71819338412
467,174927.01040914017
468,175081.0493374478
469,174731.7528597886
470,174673.9925720087
471,174709.27121780554
472,174758.64505554346
473,174872.75174766107
474,174919.51336461116
475,174750.81477384534
476,174938.02149523565
477,174955.06220615414
478,174761.6111700017
479,174850.88726135367
480,174419.49185348948
481,174917.79439306667
482,174995.10955085303
483,174919.94454276675
484,174834.1972837724
485,174921.04807321326
486,174781.2229724239
487,174759.45570280822
488,174938.04809250403
489,174914.48534993318
490,174816.4571639124
491,174803.43618890902
492,174936.86383612675
493,174793.75362322998
494,174460.56738940193
495,174469.74682367613
496,174794.8535533769
497,175028.74579002327
498,174721.0384543619
499,174866.59506421105
500,175016.19875724858
501,174346.9687796666
502,174852.8498425038
503,174928.0740089832
504,174954.85065965462
505,174898.1584776449
506,174939.02824864522
507,174856.4327709827
508,174789.06734459748
509,174697.53793622338
510,174881.26359490008
511,174781.30940289825
512,174815.481994714
513,174836.02831192073
514,174983.32772940103
515,174912.01895645395
516,174918.36827076713
517,174859.3174711266
518,174587.39845650207
519,174776.8045406316
520,174740.97720234987
521,174949.79995339084
522,174758.4127951684
523,174923.0151503459
524,174756.8932779996
525,174773.40352972155
526,174870.53261927277
527,174870.96834970196
528,174901.53951629577
529,174402.95398552678
530,175042.79495087
531,174846.4388418008
532,174847.34030817644
533,174873.93026844307
534,174933.0148619563
535,174796.90175106708
536,174858.9118824893
537,174890.6358808189
538,175091.1097428759
539,174743.51611066685
540,174833.78147111976
541,175004.33776244076
542,174795.28251671218
543,174772.53916969354
544,174917.1163125844
545,174835.5247655654
546,174431.89766950576
547,175010.92955024046
548,174801.7498037373
549,174750.46828908744
550,174942.31132078584
551,174778.23110759494
552,174416.6477553118
553,174843.3439926093
554,174962.08040248556
555,174923.12130544387
556,174937.1044368537
557,175119.7205182517
558,174830.73374224323
559,174792.59983964963
560,174920.9097987523
561,174856.95615653374
562,174843.8889225671
563,174936.8790881953
564,174707.84258359196
565,174823.5208563974
566,174793.95668674703
567,174874.99182667982
568,174929.46729416106
569,174907.94665358946
570,174838.95361627737
571,174852.25037245828
572,174930.80984746496
573,174763.08247383815
574,174936.07119219276
575,174797.1736109819
576,174696.91178579148
577,174784.7054611574
578,174417.47069722222
579,174864.96091632222
580,174897.01225251146
581,174790.0196432427
582,174908.36139765487
583,174723.69913904872
584,174929.36763341664
585,174927.7508162713
586,174705.2911774521
587,174772.9485730372
588,174859.30626008436
589,174943.42554183223
590,174975.39888076656
591,174686.04499489482
592,174887.82723220825
593,174962.17182806905
594,174810.4886701368
595,174867.52494531756
596,174959.43628093568
597,174970.87909505703
598,174941.07988381188
599,174738.63092406085
600,174946.3528353435
601,174960.7118398425
602,174828.98512171998
603,174793.9376438028
604,174820.84456830888
605,174938.3041537974
606,174842.56698939984
607,174977.81751186846
608,174932.54180831148
609,174936.51977269954
610,174937.85206190628
611,174946.82504566637
612,174715.03305351074
613,174735.15787906823
614,174955.87522203295
615,174918.0739393922
616,175008.79320461227
617,174718.63184484746
618,174955.1263996711
619,174925.68322485007
620,174651.23935414304
621,174928.1999544102
622,175044.88357997645
623,174804.5830977616
624,174937.4117228097
625,174899.83466721678
626,174696.2823593297
627,174934.96018262932
628,174741.39425070546
629,174914.8948884692
630,174626.916028332
631,174914.27916191542
632,175020.84203851048
633,174441.5031309677
634,174796.94496290572
635,174862.27936075281
636,174742.41334383903
637,174921.39929465356
638,174813.50933671245
639,174825.95961740756
640,174715.80035304
641,174996.25072706936
642,174702.5495043151
643,174837.9744428272
644,174931.3094627649
645,174997.7943914105
646,174643.18687104175
647,174813.65803203324
648,174853.8775005603
649,174833.69914223428
650,174943.3747246753
651,174872.69101920185
652,174850.13214079413
653,174842.30790965722
654,174780.39055895255
655,174940.57103681235
656,175023.19650725494
657,174873.59117151436
658,174970.22547813796
659,174927.10134764246
660,174957.12164922888
661,174903.8581022969
662,174828.98440308005
663,174785.3213411583
664,174817.84038517057
665,174872.61796985313
666,174917.56436908487
667,174617.07911298957
668,174488.222598331
669,174869.80389719878
670,174870.081994489
671,174898.97312181006
672,174564.35664559927
673,174925.84484536995
674,174811.95722059996
675,175005.5750433805
676,174998.40512865505
677,174909.86934453325
678,174925.0754242343
679,174906.8113933735
680,174890.55119002564
681,174674.6893986107
682,174911.0885309204
683,174940.2517999938
684,174845.97249438378
685,174975.59313292126
686,174963.96581209084
687,174934.87668381436
688,175056.1302227095
689,174827.44312133538
690,174756.75464295325
691,174910.3361170419
692,174837.9994994008
693,174913.59642125427
694,174892.38772033816
695,174782.07737618152
696,174830.13998914557
697,174915.2145477912
698,174860.91877279777
699,174577.26432657038
700,174925.5454558688
701,174894.16198351287
702,174859.70014212647
703,174592.76286167072
704,174481.0517022606
705,174893.16641479518
706,174628.89696873128
707,175013.04374817674
708,174990.25664760987
709,174954.40397208405
710,174809.93036150848
711,174681.77584680854
712,174894.18322526448
713,175013.52929114245
714,174901.45222733874
715,174800.006710007
716,174902.3207760497
717,174794.66264123007
718,174767.51593790806
719,175008.6433631563
720,174814.2049326271
721,174909.65785199922
722,174968.21759877112
723,174543.83016930352
724,174760.07460160044
725,174934.59213799506
726,174930.81993134387
727,174779.2196855636
728,174921.67006486468
729,174798.85224093826
730,174801.33061556274
731,174926.87579659757
732,174970.6693856739
733,174531.46779061045
734,174694.304390048
735,174866.73067892066
736,174860.38849638042
737,174883.6727369115
738,174806.13278019035
739,174516.49375413495
740,174803.47565057626
741,174775.17010252725
742,174969.40415771003
743,174601.10729140244
744,174742.1989943081
745,174941.93097438468
746,174995.15674786127
747,174903.01442159264
748,174825.28058486665
749,174548.03084733634
750,174498.43945151084
751,174840.2746664639
752,174647.04325686567
753,174891.28712019895
754,174819.27268581802
755,174950.25636760634
756,174933.96210638757
757,174992.18145112527
758,174981.1130699002
759,174931.75175468845
760,174758.45616622723
761,174936.6100470752
762,174990.12167531459
763,174881.2725996623
764,174924.98797185192
765,174884.06992960986
766,174850.91607230745
767,175004.30587737955
768,174851.3899481929
769,174857.2761060685
770,174909.98422200143
771,174992.94546719783
772,174948.3094265746
773,174905.38934163284
774,174636.9354732084
775,174881.7952345771
776,174831.81380922857
777,174920.2453889811
778,174749.14338013812
779,174817.61239220944
780,174841.2630470954
781,174808.1147342547
782,174921.2356309655
783,174871.5994296863
784,174909.2925969591
785,174929.36704532895
786,174981.99757057652
787,174795.05809201606
788,174666.0455228751
789,174931.1358450294
790,174917.20806303513
791,174817.9113330703
792,174930.87589490027
793,174744.1398815768
794,174511.58126933486
795,175005.16764161058
796,174542.08137065772
797,174732.12007565712
798,174932.40535238982
799,174925.3983873072
800,174416.89790653682
801,174810.43858287076
802,174699.10387980132
803,174635.92799113627
804,174935.19935144778
805,174632.7300800377
806,174931.48054779234
807,174632.22494875
808,174961.93955071512
809,174868.85721320685
810,174941.08337560258
811,174949.40972481563
812,174883.81125231695
813,174920.76689139198
814,174968.39920185364
815,174938.53122723688
816,174850.77247182716
817,174926.06532828422
818,174875.9791998635
819,174942.34966320865
820,175036.525822369
821,174917.60976896854
822,174976.48300608367
823,174656.73302484653
824,174873.62394253773
825,174921.68213905345
826,174481.68432586073
827,174927.9410922578
828,174672.93955358284
829,174650.39021707154
830,175048.18749529135
831,174931.54778940513
832,174991.4729808024
833,174932.3851356073
834,174925.7369381023
835,174830.28320934612
836,174892.12783945745
837,174913.80133828783
838,174903.86859881654
839,174866.67985335278
840,174947.87187835405
841,174788.54887785504
842,175015.59736631098
843,174728.46706934282
844,174833.6580654588
845,174908.39813319597
846,174703.25944671882
847,174671.4836926969
848,174572.6470948589
849,174942.14915225803
850,174832.1274443928
851,174882.97093552237
852,174971.94175958927
853,174406.75948182086
854,174882.31632495217
855,174932.45472666642
856,174795.11485217552
857,174941.2957030945
858,174871.43914091602
859,174770.26576883264
860,174950.70552429638
861,174845.0005336656
862,174964.67592553972
863,174860.07074443778
864,174895.4691369707
865,174937.98518427502
866,174841.21883317363
867,174942.56835378255
868,174944.1461953846
869,174898.81272760915
870,174736.3974298491
871,174880.7729378459
872,174664.97143869658
873,174799.95819690035
874,174865.2398279125
875,174860.33942576198
876,175036.48342308553
877,174942.05286699583
878,174949.45175445778
879,174553.0631187074
880,174818.50624116047
881,174616.84004965157
882,174795.3429038865
883,174891.25485330736
884,174906.94446504308
885,174897.69819538473
886,174921.26881276432
887,174846.16432632756
888,174689.26435165573
889,174965.57128780053
890,174610.98413005812
891,174920.95950651527
892,174849.00379917276
893,174689.31511436665
894,174553.70622798218
895,174672.19426775194
896,174724.195222549
897,174745.74120081714
898,174676.59648781386
899,174980.3151325532
900,174765.3649289666
901,174969.7297064323
902,174811.0690854281
903,175017.84610680852
904,174940.40760024657
905,174852.4797838735
906,174727.69803447532
907,174919.01562870332
908,174874.94051712047
909,174849.65121383933
910,174920.28504879845
911,174845.23150703864
912,174591.58164733674
913,174580.51344752137
914,174674.4294409619
915,174894.2811780567
916,174943.81559002333
917,174810.71784872137
918,174706.40791711857
919,174640.73895564274
920,174958.95495180818
921,174504.60204583243
922,174884.42978764424
923,174937.85518460054
924,174876.78923553147
925,174863.51546423128
926,174900.2181790233
927,174903.40396830704
928,174954.39240130427
929,174707.6603727629
930,174983.24590414102
931,174677.05913525686
932,174932.97085406637
933,174815.73571366275
934,174771.34448558564
935,174870.20965284004
936,174586.28643856928
937,174913.15096147818
938,174653.92596106153
939,174896.56064315524
940,174835.3506262943
941,174798.44128442364
942,174343.5296508024
943,175035.38322716844
944,174714.22218499653
945,174858.3593062482
946,174774.63017745726
947,174607.40314071884
948,174935.01454782192
949,174921.4721312893
950,174786.70119728075
951,174769.26994291815
952,174904.65786191614
953,174801.2049202427
954,174979.99889634148
955,174943.80406340878
956,174794.31646512292
957,174992.4037791942
958,174844.18735266986
959,174942.83670172523
960,174919.87997752163
961,174426.86990222544
962,174895.73160997196
963,174991.64579333315
964,174808.048615604
965,174918.7938678466
966,174896.7612176111
967,174814.28252204834
968,174633.79505923978
969,174961.233325783
970,174909.96851588017
971,174911.45002428445
972,174942.2824521397
973,174712.18988814444
974,174740.9209028092
975,174820.41003300052
976,175023.10903408926
977,174855.74481279674
978,174809.94328379811
979,174964.80918315798
980,174624.57242093747
981,174825.5704971425
982,174910.29159297326
983,174802.02429802876
984,174918.1862712471
985,174861.30626309538
986,174835.26759470874
987,174857.5608277764
988,174983.97942338235
989,174931.75863625392
990,174958.27035573492
991,174761.83291173773
992,174982.05599498303
993,174817.06476944505
994,174920.86073782254
995,174869.78006779932
996,174920.03661396375
997,174778.17271047836
998,174789.18399594614
999,174897.94890535017
1000,174744.5643898341
1001,174975.99335436997
1002,174919.29707194716
1003,174554.83040139926
1004,174960.43152612713
1005,174731.1476210052
1006,174804.63760211982
1007,174899.36422692434
1008,174652.01683510342
1009,174795.03664146608
1010,174786.46818500487
1011,174657.5598203706
1012,174914.35889497655
1013,174902.28838888012
1014,174943.00973658956
1015,174885.01729620554
1016,174712.69335145608
1017,174635.92471099444
1018,174854.76039308487
1019,174913.96896148924
1020,174886.79153339507
1021,174999.08322554672
1022,174985.61834043617
1023,174810.20645866316
1024,174628.83652902802
1025,174858.70872262004
1026,174713.24605873902
1027,175081.255701504
1028,174865.37936158205
1029,174996.78139474578
1030,174920.05732905213
1031,174855.99415934779
1032,174735.6021222177
1033,174824.65538203943
1034,174845.70194903083
1035,174973.0774343788
1036,174788.0283143176
1037,174932.9489862305
1038,175043.53059467484
1039,174673.62597798952
1040,174582.1364633439
1041,174762.6494471661
1042,174959.4238151659
1043,174974.40348598317
1044,174778.23124060177
1045,174883.26864418393
1046,174644.12034943776
1047,175037.47790435434
1048,174957.63652839954
1049,174807.188724863
1050,174999.97114872755
1051,174876.18170005135
1052,174753.8559790255
1053,174789.79451527933
1054,174953.55720884787
1055,174977.89445836208
1056,174463.8396985462
1057,174892.63415791342
1058,175017.30840971594
1059,174438.35417559792
1060,174865.9309297647
1061,174901.80578362962
1062,174799.5760727029
1063,174843.17119695566
1064,174922.9815847906
1065,174424.87220099726
1066,174619.04498783124
1067,174982.7642148106
1068,174992.39359161074
1069,174853.57427478218
1070,174951.85486121423
1071,174775.36256226184
1072,174672.56609155436
1073,174784.1236429197
1074,174511.49533801407
1075,174919.88558641722
1076,174777.69991856074
1077,174936.8123697338
1078,174824.69211489544
1079,174754.25382446955
1080,174939.12962458754
1081,175049.8683885468
1082,174673.49841106258
1083,174954.00216887944
1084,174926.4671560934
1085,175039.39735268475
1086,174483.37217944872
1087,174825.9828608368
1088,174820.43564223318
1089,175061.32639209492
1090,174914.43163664025
1091,174807.50175056097
1092,174655.5272396794
1093,174768.26777978454
1094,174943.28365353364
1095,174559.07085737676
1096,174574.06684275996
1097,174885.04410460815
1098,174881.01335059697
1099,174978.0071315562
1100,174763.95553373965
1101,174772.79927460983
1102,174885.8907226802
1103,174862.14921841118
1104,174880.35499074214
1105,175050.66474763927
1106,174813.5928679575
1107,174903.690192663
1108,174785.9776022059
1109,174676.44396788845
1110,174825.06397669335
1111,174834.70571734692
1112,174804.92743993667
1113,174946.30907100358
1114,175014.41213149397
1115,174943.41356268243
1116,175046.52917453778
1117,174904.8886890146
1118,174928.47386200674
1119,174944.7960415696
1120,174709.2213337725
1121,175012.4436053529
1122,174856.03695363147
1123,174823.05720062307
1124,174902.92925239095
1125,174723.6032590159
1126,174781.73654327972
1127,174947.4873131015
1128,174879.16004494712
1129,174876.05718229967
1130,174996.83814345428
1131,174939.26272830993
1132,175036.95846890754
1133,174817.03754994163
1134,174890.90806687332
1135,174688.02909108976
1136,175086.72315719503
1137,175044.6641639549
1138,175027.96447587397
1139,174849.14211019548
1140,174925.8649611498
1141,175054.16835628488
1142,174878.78429743953
1143,174672.85489371343
1144,174764.01799526226
1145,174890.58899319256
1146,174919.64609462913
1147,175024.35129745162
1148,174956.4673054993
1149,174889.5178690229
1150,174687.39208109354
1151,175068.32344832906
1152,174972.19233102354
1153,174888.16380512083
1154,174912.75578790496
1155,174921.4460204925
1156,174927.44774642363
1157,174747.28714673576
1158,174829.44901964013
1159,174830.2216778372
1160,174751.64709432106
1161,174794.5918929201
1162,175033.24976849035
1163,174769.24620209067
1164,174928.54039975462
1165,174928.46464461464
1166,174589.31003462328
1167,175003.81344850024
1168,175108.59423492823
1169,174928.77474475137
1170,174951.9251440262
1171,174537.48876712073
1172,174923.92241979053
1173,175029.29681728678
1174,174344.20760015608
1175,174664.59811232562
1176,174962.4579541609
1177,174831.37948791354
1178,174734.5439417394
1179,175058.88142211945
1180,174716.49380193913
1181,174694.62661950052
1182,175123.5630249557
1183,174821.18131493207
1184,174852.77027214822
1185,174781.9284734124
1186,174915.68958592467
1187,174829.65180041446
1188,174920.7174075198
1189,174455.43389556702
1190,175006.95627718454
1191,174806.9355560889
1192,174754.57817827744
1193,175087.13992174956
1194,174900.2732822814
1195,174862.59608033192
1196,174982.97756156887
1197,174983.310947897
1198,174778.42583740538
1199,174814.27727475294
1200,175010.8765984074
1201,174722.28759051344
1202,175003.910312618
1203,174949.16132768354
1204,174876.61427495023
1205,174739.36354931348
1206,174939.17480222747
1207,174782.95978743897
1208,174859.07859867386
1209,174690.71740888688
1210,174890.528957593
1211,174815.53651872405
1212,174922.96494010513
1213,174839.01486402808
1214,175001.07277703422
1215,174879.56761727724
1216,174841.99496292206
1217,174856.50644265965
1218,174782.64977364484
1219,174521.57893117671
1220,174950.31137040746
1221,174840.88385376954
1222,174818.7902646453
1223,174809.29427141885
1224,174898.4746543115
1225,174698.35838854944
1226,174916.75983049526
1227,174826.96497548258
1228,175062.70296859147
1229,174875.37455918078
1230,174866.8367752492
1231,174828.05811468573
1232,174781.28454850966
1233,174784.4115061941
1234,174600.95444860798
1235,174892.99740481068
1236,174786.30265031027
1237,174794.21664156736
1238,174506.0327501871
1239,174709.93691033483
1240,174868.49309473007
1241,174968.32629165766
1242,174580.49878385675
1243,174846.9156097831
1244,174960.96372648003
1245,174816.69926898077
1246,174884.39418685998
1247,174926.85600454613
1248,174865.36757695163
1249,174772.49694077985
1250,174841.08487008148
1251,174786.08536902207
1252,174836.27732815716
1253,174847.85602822123
1254,174539.06041548558
1255,174893.99773406028
1256,174440.2124030074
1257,174919.78566279664
1258,174895.07650343946
1259,174488.48053190508
1260,175052.61402847094
1261,174862.1122843509
1262,174643.51613346464
1263,174625.59435314243
1264,174839.89208795875
1265,174790.5062321901
1266,174817.51669843146
1267,174830.01955425844
1268,174865.3998757994
1269,174916.04605058758
1270,174833.68242822195
1271,174775.7875551049
1272,174895.18977944937
1273,174891.68835163474
1274,174753.74883142902
1275,175006.13618890409
1276,174784.92218348818
1277,174840.33237534558
1278,174520.96508285304
1279,174791.70996739995
1280,174792.91474846183
1281,174919.5783209892
1282,174887.14428218929
1283,174901.3499603654
1284,174884.16921989023
1285,174921.8421996879
1286,174784.75557995646
1287,174915.15520994278
1288,174845.6984199903
1289,174902.41081534958
1290,174703.41834038362
1291,174787.58946314728
1292,174832.24318384385
1293,174784.99252058758
1294,174803.83951931898
1295,174883.138356357
1296,174786.36156674553
1297,174830.9539517525
1298,174792.4015459183
1299,174897.91020610053
1300,174877.34354666114
1301,174870.24355533908
1302,174807.73837501468
1303,174657.2003812541
1304,174866.8273510999
1305,174847.48634457565
1306,174884.55916699517
1307,174649.83161501036
1308,174861.7212780198
1309,174853.5501981372
1310,174944.90157480302
1311,174738.39251719567
1312,174770.68397639124
1313,174761.76901857049
1314,174595.09126486405
1315,174920.44812626106
1316,174734.79724432537
1317,174751.6589955418
1318,174888.15618301745
1319,174860.46216382616
1320,174728.40669389348
1321,175008.03486639776
1322,174852.1036560566
1323,174905.46347897546
1324,174780.15330326947
1325,174814.2104239533
1326,174829.31154879145
1327,174948.40348160156
1328,174878.24382458627
1329,174852.5142340526
1330,174726.51166574695
1331,174576.56686419353
1332,174803.06573599408
1333,174759.45196367742
1334,174672.4257374721
1335,174805.6550546535
1336,174988.62400235565
1337,174685.75300326693
1338,174912.69450200713
1339,174890.2753539773
1340,174707.84162655272
1341,174913.84720732408
1342,175014.41478898856
1343,174886.09790161575
1344,174890.0564774903
1345,174486.61254527376
1346,174930.569720466
1347,174624.86534281104
1348,174698.59734704372
1349,174986.74971028542
1350,174798.27482587975
1351,174915.52184231934
1352,174905.1041398993
1353,174737.91844772716
1354,174880.78607765242
1355,174718.04609063515
1356,174731.25018705556
1357,174880.9360475765
1358,174869.8104512622
1359,174723.8173699071
1360,174971.17803488704
1361,174980.55344823646
1362,174869.30388656133
1363,174690.59929499403
1364,174820.94158337326
1365,174873.60501937746
1366,174843.47125959737
1367,174947.24917704923
1368,174701.13762210982
1369,174537.15587236127
1370,174915.84952990015
1371,174998.1230520243
1372,174774.70803962793
1373,174688.0908389389
1374,174952.81850764444
1375,174821.04559505885
1376,174911.61425275714
1377,174938.36849261203
1378,174821.54126464925
1379,174454.2220472799
1380,174747.62680345113
1381,174886.4704359664
1382,174875.0213892513
1383,174930.5182251297
1384,174743.92607570888
1385,174806.4217346566
1386,174700.27548465866
1387,174969.23881550613
1388,174916.59193112212
1389,174927.51256548573
1390,174896.80126733397
1391,174850.4215670903
1392,174873.76803726444
1393,174904.68448226427
1394,174907.80809121588
1395,174903.44149032613
1396,174751.15058171513
1397,174920.0090021232
1398,174485.38454093636
1399,174902.35398008232
1400,174634.1282256482
1401,174815.94332822037
1402,174917.77530157316
1403,174875.221177202
1404,175000.67358723498
1405,174787.05205460073
1406,174933.92953470175
1407,175000.52255621913
1408,174863.2209145189
1409,174933.35069409545
1410,174914.7564241218
1411,174916.31869360546
1412,174850.6997151694
1413,174919.80621720117
1414,174692.46353819087
1415,174895.5754122452
1416,174830.84470547945
1417,174681.41394650994
1418,174921.4109618275
1419,174606.0876685569
1420,174539.63143081666
1421,174839.63054373974
1422,174886.0674522676
1423,174944.12145334133
1424,174720.83487060686
1425,175065.66154604807
1426,174788.01648723235
1427,174752.93917634065
1428,174700.49460440665
1429,174936.2747320484
1430,174934.3058157862
1431,174902.21720759638
1432,174798.94586995235
1433,174782.54320231208
1434,174867.8457148726
1435,174968.57809525862
1436,174919.9136939061
1437,174644.79722511143
1438,174860.9539329765
1439,174940.5839808574
1440,174820.11590332488
1441,174531.32172918323
1442,174962.48952665078
1443,174655.1075855114
1444,174708.71019915232
1445,174894.93869434754
1446,174925.45730044556
1447,174654.33926999744
1448,174882.95725155112
1449,174916.10114977838
1450,174795.67088764143
1451,174931.04493081622
1452,174706.7846502063
1453,175088.7726525024
1454,174768.59072416136
1455,175040.158261414
1456,174857.5362459373
1457,174732.4482381091
1458,174727.92770826665
1459,174939.46598220256
1460,174921.83026705653
1461,174808.91900163548
1462,174979.68223089288
1463,174822.20420952758
1464,174950.4483238799
1465,174929.71393898333
1466,174875.75416954918
1467,174876.29852568236
1468,174957.25324717784
1469,174919.80885949492
1470,174929.7806687174
1471,174696.16035196968
1472,174670.46695634894
1473,174876.14335438053
1474,174769.3908316322
1475,174732.85905017136
1476,175052.08140544646
1477,174869.35602359573
1478,174900.1745346493
1479,174804.5295176949
1480,174880.49572817204
1481,174919.86601303847
1482,174958.66201913313
1483,174844.61015536854
1484,175005.2815354693
1485,174771.64306324904
1486,175059.440832522
1487,175009.836624705
1488,174846.03679108087
1489,174859.66067993385
1490,174925.5963593129
1491,174909.65504578012
1492,174783.3717225848
1493,174837.09428030538
1494,174900.05298947074
1495,174938.4315426932
1496,174830.2923136221
1497,175049.20085121164
1498,174814.60423512704
1499,174895.1399476236
1500,174904.34490770882
1501,174924.84445752873
1502,174935.94992802545
1503,174929.24001585608
1504,174923.74820882262
1505,174951.09783443174
1506,174991.04948948993
1507,174939.48684478021
1508,174931.30706887314
1509,174898.15403677654
1510,174919.8855904138
1511,174918.7702586304
1512,175049.04691467088
1513,174920.39096072348
1514,175066.14835889614
1515,174971.33817607228
1516,174917.15417785128
1517,174976.3579055627
1518,174837.56323696297
1519,174902.94633761424
1520,174973.95887393664
1521,174911.10594869073
1522,174813.82268264916
1523,174897.26838857477
1524,174777.3184776321
1525,174933.01093332196
1526,174881.2819866882
1527,174891.439185894
1528,174917.16230019834
1529,174919.52883590292
1530,175002.48478485795
1531,174823.97426810194
1532,175063.09395152557
1533,174747.48447985374
1534,174979.25430203482
1535,174887.35511865088
1536,174908.20501656324
1537,174935.7925820677
1538,174980.4095970795
1539,174952.84022969383
1540,174924.2861255517
1541,174966.2502901927
1542,174983.62394612943
1543,174941.7257226213
1544,174980.75589268052
1545,175040.94082581994
1546,174841.2886959388
1547,174699.37834638325
1548,175041.82856411798
1549,174936.51702950546
1550,174825.98593447858
1551,174980.18537180746
1552,174923.78791490826
1553,174991.00693971702
1554,174989.70315020336
1555,174806.60760458026
1556,174856.5230162795
1557,174893.59828822786
1558,174945.7403257362
1559,174966.00599292037
1560,174919.4526966311
1561,174907.17798771895
1562,175016.34221335608
1563,174878.52117449418
1564,174944.4932596964
1565,174922.92597494886
1566,174935.75359410222
1567,174987.56661540456
1568,174875.43655265102
1569,174894.73907140718
1570,174983.76156848855
1571,175027.40350378762
1572,174921.2199797762
1573,174991.11321120377
1574,174975.11832856046
1575,175002.67754762428
1576,174881.98954157997
1577,175020.07052310414
1578,174907.40301416215
1579,174959.6584005171
1580,174927.44631090533
1581,174788.91752050837
1582,174974.27675601275
1583,174925.1613705733
1584,174869.62326375046
1585,175028.75192692623
1586,174939.93264181292
1587,174985.53035773707
1588,174898.34040264532
1589,175041.454802654
1590,174947.33027289875
1591,174896.9866110169
1592,175052.57829961446
1593,175028.77554794878
1594,174938.39481535656
1595,175010.2572866725
1596,174934.05563189328
1597,175020.9103046375
1598,174938.97175197833
1599,174840.73832354156
1600,175126.1567823629
1601,174974.5044408869
1602,174951.72358899465
1603,174789.1532279609
1604,174990.22214507603
1605,174925.47941037294
1606,174974.27362521284
1607,175045.42722037772
1608,174975.0911149127
1609,174898.30591895932
1610,174836.33612378399
1611,175022.46334242978
1612,174903.7149231476
1613,174886.12192069588
1614,174697.37527360613
1615,174919.88561837786
1616,175022.0317615766
1617,174976.64692520333
1618,174966.88440572118
1619,174981.89276469877
1620,174911.27514489798
1621,175001.8744972236
1622,174952.85067561432
1623,174928.64429035352
1624,174950.3808774617
1625,174924.86916689633
1626,174918.82808555206
1627,174939.83836472122
1628,175036.68837984948
1629,175061.93089150882
1630,174941.698052092
1631,174869.40472215525
1632,175068.0321467218
1633,175000.2506657983
1634,174919.46580134841
1635,174983.2192850227
1636,174910.8894110907
1637,175044.14646658435
1638,174908.39323183452
1639,174846.4858977484
1640,174920.16092096176
1641,175056.05343259368
1642,174920.4132911469
1643,174922.20995296928
1644,174941.88556218613
1645,175089.3337377457
1646,175058.33538655358
1647,175032.3713989481
1648,175032.24713305023
1649,174922.73770654591
1650,174925.37093505872
1651,175113.61585872655
1652,174967.32822376819
1653,175109.71817576472
1654,175251.52688533612
1655,174851.0578577784
1656,174965.60969801832
1657,174953.94154238002
1658,174992.67820083423
1659,174978.03994853035
1660,175058.06801862508
1661,174920.52856978486
1662,175022.3632623526
1663,175095.29092487818
1664,174947.9840668162
1665,174924.23806827836
1666,175005.05634958454
1667,174987.81409492277
1668,174895.25077202587
1669,175125.43067147536
1670,174892.61134244353
1671,174947.23850727043
1672,174934.55504022297
1673,174978.74959007485
1674,174948.49470464495
1675,174954.3120225242
1676,174974.71901561468
1677,174958.00755251764
1678,174931.81000409872
1679,174961.9914948314
1680,174976.2742211708
1681,175040.5462817223
1682,175039.40167434074
1683,175033.86422576368
1684,174951.62687198343
1685,174881.2086330762
1686,174929.80407189592
1687,174900.19898973173
1688,174974.27358434614
1689,175260.5159980025
1690,174972.28479860927
1691,174937.44115085152
1692,175028.1883291273
1693,175067.9412694567
1694,174928.92058768004
1695,174920.44659839442
1696,174984.87174631146
1697,175127.29596195556
1698,175005.60588765508
1699,174963.6128133792
1700,175148.9418036337
1701,175092.66388363106
1702,174996.50338880482
1703,174944.57664180125
1704,174889.68468087187
1705,175123.096345237
1706,175214.46791433473
1707,175032.54625311279
1708,175041.9353249374
1709,174948.40046071255
1710,174884.42559459768
1711,175085.58318887837
1712,174962.65703876954
1713,174967.20493480153
1714,174945.4892291058
1715,174956.58686645882
1716,174958.50795222324
1717,174957.29737213085
1718,174911.65461659397
1719,175089.5442198084
1720,175049.74931419166
1721,174918.0190445193
1722,174993.13613615502
1723,175002.0388104094
1724,174934.91411293595
1725,174960.5077833361
1726,174964.58651657807
1727,174955.0336024246
1728,174923.2424468875
1729,174872.19985441936
1730,174932.0104234988
1731,175015.86630616483
1732,175148.19173020808
1733,174949.79718522434
1734,174909.36078845648
1735,175015.0653145042
1736,175004.13348603656
1737,174939.09753681713
1738,174956.39824664264
1739,174919.90764117148
1740,174925.85430490877
1741,174920.65071533067
1742,175025.92912011113
1743,175130.94149953037
1744,174946.3554393576
1745,175080.42511899897
1746,175045.7838321121
1747,175075.04300232406
1748,174990.78089639632
1749,174960.67841160693
1750,175066.42889249095
1751,174956.01529209816
1752,174971.4536124197
1753,175104.31881835972
1754,175012.2225541488
1755,175121.64610961746
1756,175099.08990091752
1757,174929.48253326927
1758,175120.09676495395
1759,175006.894676563
1760,175112.6833411534
1761,175052.18461013446
1762,174919.88559030805
1763,175067.9380250009
1764,175043.72474713513
1765,174891.09910674326
1766,174938.9187057655
1767,174669.25680421668
1768,175123.84829581252
1769,174960.37706090382
1770,174930.91643782
1771,175091.97556918397
1772,174867.00106891475
1773,174876.75225292338
1774,174901.95315304244
1775,174955.26021437178
1776,174622.59763865802
1777,174767.82887186587
1778,174787.1164615363
1779,174790.94515782624
1780,174895.77820496052
1781,174947.02760478854
1782,174824.84702775476
1783,174598.5948624286
1784,174887.17069000794
1785,174837.84353167604
1786,174887.4597942576
1787,174887.0064729204
1788,174770.18952378957
1789,174863.86253483265
1790,174887.16000560895
1791,174909.02271414694
1792,174863.49972013192
1793,174595.1420262428
1794,174900.2058006915
1795,174864.24505293206
1796,174457.90942453642
1797,174884.6998566947
1798,174501.80510985907
1799,174920.05256127613
1800,174390.5262056928
1801,174511.23051712816
1802,174552.11905254066
1803,174584.52196341887
1804,174926.00387044015
1805,174785.21256353543
1806,174917.57807560076
1807,174906.36427491644
1808,174918.8983247291
1809,174827.74427116185
1810,174880.33299401499
1811,174909.47294461253
1812,174571.03400878698
1813,174850.75344285555
1814,174738.68272836957
1815,174918.49844534023
1816,174835.54304676488
1817,174703.25874521668
1818,174677.55083886837
1819,174807.28150515063
1820,174745.09192626344
1821,174824.23601380253
1822,174887.1134422988
1823,174490.08181893348
1824,174664.657854018
1825,174410.93051980744
1826,174645.52095176623
1827,174829.85234231458
1828,174878.73467571783
1829,174643.72119355144
1830,174854.33323173394
1831,174741.3441904385
1832,174712.94145955052
1833,174878.5028324784
1834,174840.88548825486
1835,174456.9826869226
1836,174771.27995535702
1837,174847.7231888246
1838,174844.07664976455
1839,174613.65521832017
1840,174685.8872234546
1841,175032.17108009825
1842,174959.5578006149
1843,174868.27080469506
1844,174865.44549727705
1845,174855.15155412737
1846,174552.12408136195
1847,174915.5137625565
1848,174790.55229231174
1849,174865.72113287527
1850,174566.26904707088
1851,174919.83039813535
1852,174844.82809174102
1853,174832.66917480607
1854,174822.2433737154
1855,174832.53607357098
1856,174757.71465473625
1857,174853.62276655313
1858,174889.5996952693
1859,174853.24458171573
1860,174923.90168827775
1861,174879.91902971765
1862,174814.73299471874
1863,174893.1171164696
1864,174806.88958425526
1865,174852.50742168995
1866,174897.35532182697
1867,174641.43043667736
1868,174789.8200108441
1869,174605.37289007584
1870,174813.98348217664
1871,174775.71751362088
1872,174745.94208787975
1873,174912.01866439666
1874,174892.32098287725
1875,174888.073139171
1876,175102.3555886997
1877,174914.63076521177
1878,174923.36762876128
1879,174880.83438493736
1880,174805.28673879043
1881,174862.704205347
1882,174919.6618392697
1883,174833.6587827972
1884,174900.70463311885
1885,174787.3306232089
1886,174525.18559342995
1887,174904.04149972377
1888,174915.1331302835
1889,174859.69096496093
1890,174646.6381333461
1891,174927.05129884562
1892,174817.00725078082
1893,174828.77751669261
1894,174718.7491272617
1895,174994.56620039785
1896,174691.79659150186
1897,174835.17654367103
1898,174838.71113842208
1899,174782.58101930397
1900,174792.38820652544
1901,174773.100301503
1902,174920.1806965628
1903,174899.28636790422
1904,174521.82438607095
1905,174840.0589547068
1906,174836.4152332355
1907,174907.52405190511
1908,174923.2995287957
1909,174815.67470455
1910,174705.62290138178
1911,174907.7040564485
1912,174810.27545539822
1913,174735.79795384384
1914,174787.578683414
1915,174830.3024697273
1916,174516.60073510502
1917,174891.21427402823
1918,174992.92068485572
1919,174911.8257827878
1920,174957.61749929233
1921,174743.7350406729
1922,174639.5220775921
1923,174810.88732634237
1924,174746.13315262334
1925,174892.6280470842
1926,174875.51935288875
1927,174894.37505261833
1928,174740.02999499365
1929,174871.40960824947
1930,174868.128359767
1931,174707.91578889755
1932,174689.86178918005
1933,174781.84501521933
1934,174915.80205922862
1935,174756.72891364677
1936,174665.28329943598
1937,174860.21705871946
1938,174968.74798885867
1939,174569.74125035823
1940,174966.2030837648
1941,174886.58233780172
1942,174808.1610104687
1943,174976.92514920447
1944,174891.99486498692
1945,175075.98460246128
1946,174910.10150424362
1947,174802.2380456255
1948,174798.0219921048
1949,174911.41968137605
1950,174784.02100560398
1951,174829.22981455037
1952,175034.9478519127
1953,174912.58410143436
1954,174530.30390120822
1955,174600.42999505482
1956,174670.653457936
1957,174597.1482366922
1958,174517.36968032882
1959,174799.01867353191
1960,174756.20796787724
1961,174922.68908752635
1962,175017.40887099074
1963,175098.08259158416
1964,174894.1873383019
1965,174777.52225186312
1966,174909.32468920754
1967,174731.5555706857
1968,174810.3314017756
1969,174903.9657182923
1970,174816.3603936111
1971,174907.1984731947
1972,174847.5429194446
1973,174873.0356432767
1974,174846.26265656037
1975,174735.44428862052
1976,174449.31999866027
1977,174810.97779453042
1978,174964.67060815706
1979,174807.70835691463
1980,174847.48575289114
1981,174843.95329398502
1982,174876.95209855153
1983,174890.25233472313
1984,174880.32343386795
1985,174659.00754502034
1986,174917.64626556987
1987,174934.7188037595
1988,174663.88703425997
1989,174853.7047451121
1990,174828.7482308867
1991,174901.72920566154
1992,174865.67992293878
1993,174959.1450652023
1994,175091.59305268392
1995,174969.74236309962
1996,174885.17034371622
1997,174866.49560747112
1998,174812.95628693292
1999,174766.588561592
2000,174937.64273104983
2001,174899.83506932386
2002,174885.09270694308
2003,174973.26692281678
2004,174697.71203506913
2005,174683.08565354798
2006,174945.80001367748
2007,174880.5541218554
2008,174842.3810133285
2009,174867.60742514688
2010,174964.0510253381
2011,174955.97499777933
2012,174923.7886222639
2013,174927.01358377287
2014,174974.35448477647
2015,174864.37191016204
2016,174982.57162974548
2017,174979.7066896186
2018,174932.1624475124
2019,175039.7392952157
2020,174912.79837854145
2021,174851.38504285543
2022,174815.45602614692
2023,174910.8899437456
2024,174886.79058992953
2025,174758.8780731733
2026,174826.6844629718
2027,174631.11432430623
2028,175092.6498496085
2029,174971.42889675338
2030,174891.32564925557
2031,174941.04534984403
2032,174934.85395920565
2033,174888.62612819715
2034,174937.290444274
2035,174947.40264645088
2036,174914.83288890627
2037,174764.5475028238
2038,175087.6172370198
2039,174960.1995106788
2040,174971.7963799168
2041,174908.4819682821
2042,174961.9660663407
2043,174927.75587583744
2044,174860.26170915592
2045,174927.05756381174
2046,174740.20518135224
2047,174927.79611356548
2048,175005.51064127244
2049,174838.91141671015
2050,174935.4649590474
2051,174929.9902762613
2052,174925.28418018596
2053,174735.70546096773
2054,174929.39070949377
2055,174847.0194410455
2056,174916.12991572652
2057,174733.87776316053
2058,174963.33892564077
2059,175012.37814601525
2060,174973.20674642414
2061,174941.20609862942
2062,174874.25938629225
2063,175070.1355128207
2064,175069.43127222516
2065,175007.65034776318
2066,174813.43072082428
2067,174900.04760217408
2068,174922.88455055462
2069,174894.99545835264
2070,174965.42083678202
2071,174945.34056865989
2072,174940.31257313958
2073,174966.30440725063
2074,174945.6039678196
2075,174907.95688589476
2076,174912.98086120022
2077,175036.1692198094
2078,174875.2284665072
2079,175021.2162408318
2080,174923.41366069185
2081,174919.87891987903
2082,174873.81515142517
2083,174758.49390152583
2084,174948.6380924107
2085,174899.79887172807
2086,175061.94206993852
2087,174975.29289979796
2088,174918.51011943104
2089,175027.6996125122
2090,174930.62514262926
2091,174941.32886832397
2092,175016.63715626774
2093,174883.64173612845
2094,174917.56131448908
2095,175007.50511646926
2096,174926.04877756603
2097,174876.58818120835
2098,174835.30318687865
2099,174919.8890147508
2100,174812.5505726106
2101,174911.912678965
2102,174960.66111338217
2103,174943.0504506684
2104,174994.5070910329
2105,175017.7805490896
2106,175002.75146486514
2107,174929.86302194785
2108,174888.63868578422
2109,174955.7166129327
2110,174878.02543099775
2111,174995.29622345202
2112,174951.513886516
2113,174819.30184481613
2114,174926.56153087766
2115,174988.39811633393
2116,175002.14446857542
2117,174874.05376300853
2118,174920.88934552667
2119,174959.01144883293
2120,174901.94515133678
2121,175045.07965233657
2122,175058.2686428791
2123,174993.43064498738
2124,174944.62761423166
2125,174907.38089459005
2126,174996.54152483208
2127,174995.2608272155
2128,174942.81703619496
2129,174936.51674583327
2130,174914.91651520116
2131,174953.5269824954
2132,174994.520428498
2133,174917.33017269472
2134,175029.8333873963
2135,175013.84402769827
2136,174886.7486923379
2137,174988.99138668683
2138,174856.21219636203
2139,175066.39416234472
2140,174939.2877083382
2141,174958.22027375296
2142,174941.0236152173
2143,175013.12728040462
2144,174951.97808878502
2145,174929.0714654774
2146,174997.24935906613
2147,175092.4351710823
2148,174912.33628771093
2149,175061.94659356735
2150,175056.540188274
2151,175029.27962344702
2152,174957.31961856422
2153,175043.69546924948
2154,175079.8122998567
2155,174920.5098964777
2156,174969.55307519337
2157,175025.17237320394
2158,175070.0430363912
2159,175000.29651020208
2160,174948.2940278985
2161,174946.91398777734
2162,174934.36622214384
2163,174941.33599996148
2164,175013.97122531667
2165,175087.24180093285
2166,174900.76478248744
2167,174831.4786974727
2168,175042.57572984623
2169,174994.52093060323
2170,174967.44779195683
2171,175014.8682128544
2172,174926.2052070869
2173,174999.37663413314
2174,175085.950404374
2175,175111.68069750373
2176,174922.80350611504
2177,174969.400612707
2178,174931.95406488786
2179,174965.19986496825
2180,174940.80436630463
2181,175000.02931403794
2182,174931.89935960522
2183,174901.44269309833
2184,174902.38332349845
2185,174907.5011234324
2186,175073.1424945563
2187,174875.28230775602
2188,174945.41439809077
2189,175018.0131815046
2190,175141.6105910871
2191,174886.63437507665
2192,175053.08695968526
2193,174948.61692775605
2194,174882.11730740088
2195,174959.9802501959
2196,175099.92094141524
2197,175004.60546644693
2198,174923.52660756305
2199,174869.02005400255
2200,174970.02496173242
2201,175006.57980435665
2202,175085.54869590938
2203,174985.62288190026
2204,175000.16377088783
2205,174950.5936927828
2206,174968.5487197043
2207,174828.51730864917
2208,175060.4312879083
2209,174970.80913439684
2210,175001.58326352693
2211,175035.89837199394
2212,174972.76334235715
2213,175026.3037730593
2214,174901.21447140307
2215,175040.4425092153
2216,174866.93904235092
2217,175081.81901422542
2218,174604.8192779834
2219,174976.4885460322
2220,175088.1752932861
2221,174943.38942481528
2222,174999.38489571758
2223,174848.84740983235
2224,175002.7083618925
2225,174920.9041950215
2226,174930.3436715326
2227,174903.4037247478
2228,174936.39853688586
2229,174979.80119649076
2230,174953.90035768255
2231,174939.48199415003
2232,174931.81657818967
2233,175148.221162458
2234,174951.5631963706
2235,174979.38236125914
2236,174865.0127061875
2237,174765.97179686168
2238,175139.87970472593
2239,174929.5727994243
2240,174798.1452442
2241,175137.72969850528
2242,174928.34001795357
2243,174921.58910543442
2244,175052.7413044401
2245,175006.29148572392
2246,174938.2041120275
2247,174955.28397042613
2248,174971.25508047498
2249,174788.98217447285
2250,174998.49595849618
2251,175037.20607903248
2252,175009.01225426845
2253,174926.17556264272
2254,174934.11859366196
2255,174947.24983678872
2256,174934.25737266045
2257,174928.19980817108
2258,174989.51279728327
2259,175034.10206582525
2260,174993.46301732422
2261,175064.7767644696
2262,175175.49313636372
2263,174940.43870204574
2264,174965.15457305958
2265,174979.80948591197
2266,175152.33890083668
2267,174915.6646887093
2268,174999.98929456726
2269,174969.51802950274
2270,174895.28509897194
2271,174944.12655096847
2272,175072.34301653068
2273,175005.5368466104
2274,175080.30019125677
2275,174929.19640257308
2276,174924.28736331835
2277,174943.35111529494
2278,174954.1684925355
2279,174944.19496291727
2280,174705.50487479093
2281,174940.64436455202
2282,174955.7666778831
2283,174997.5048795886
2284,174977.20950674263
2285,174978.81591280422
2286,174949.69545351368
2287,174931.82803282447
2288,174958.56772921886
2289,175009.77584246662
2290,174939.46738205853
2291,174940.40546549464
2292,174971.62500093377
2293,174979.5324378675
2294,174988.0273618266
2295,174971.70464803444
2296,175033.0742134733
2297,174981.33620742743
2298,174972.84110625967
2299,175010.7677773469
2300,174953.8462558965
2301,174994.306754566
2302,174983.2854019922
2303,174916.8111483231
2304,174945.53894843408
2305,174934.96148169402
2306,174963.973650868
2307,174805.9614159972
2308,174887.4056143975
2309,174895.97759276806
2310,174665.90078656367
2311,174870.18711362398
2312,174745.0902657686
2313,174918.1486127962
2314,174785.04720875065
2315,174722.29483749846
2316,174848.14758096848
2317,174858.6968219341
2318,174875.91681197876
2319,174638.74330741368
2320,174592.10926372893
2321,174795.95298251617
2322,174879.9821500927
2323,174572.20216508512
2324,174762.30890903785
2325,174875.82510915856
2326,174880.75997767138
2327,174561.09105850852
2328,174687.8296473312
2329,174902.0297484384
2330,174860.90316040695
2331,174858.86117937483
2332,174909.5136567297
2333,174532.01941341098
2334,174880.04740909618
2335,174898.82099097976
2336,174906.90995908825
2337,174878.8953894084
2338,174880.96072231527
2339,175036.53079419094
2340,174938.43797082108
2341,174874.68425172
2342,174939.0703724038
2343,174774.34150503477
2344,174999.96568941878
2345,174945.72363902535
2346,174916.87950905174
2347,174909.63429465416
2348,174613.91191806656
2349,174920.85060163215
2350,174945.39406732057
2351,174917.6637822198
2352,174814.02894388305
2353,175057.31312666734
2354,175000.13662201696
2355,174876.38476773576
2356,174884.77912322537
2357,174965.14410695346
2358,175013.0665207505
2359,174946.47024828056
2360,174931.8918518911
2361,174933.83782478436
2362,174954.81700647116
2363,174967.91558809506
2364,174990.30675779856
2365,175009.0587047434
